"ID","URL","Titel","Land","Beschreibung","Ort","Bezug","Staatlich_Öffentlich","Geodaten","GDI","Adresse_Herausgeber","lat","lon"
1,"http://offenedaten.aachen.de/","Aachen Open Data","Deutschland","Open Data Portal der Stadt Aachen mit über 70 Datensätzen verschiedener Organisationen, einschließlich der Stadt Stolberg und der Gemeinde Roetgen (Stand: 7.11.2017)","Aachen","kommunal","ja","","","Stadt Aachen, Markt, 52058 Aachen",50.7761914,6.0829277
2,"http://www.geoportal-bw.de","GDI Baden-Württemberg","Deutschland","Die Amtliche informations- und Kommunikationsplattform des Landes Baden-Würtenberg dient als Zugangsknoten zur Geodateninfrastruktur des Landes und informiert über aktuelle Entwicklungen und Projekte. Angeboten werden Datensuche und interaktive Dartstellung von Geodaten für Verwaltung, Wirtschaft, Wissenschaft und den Bürger. (Stand: 26.10.2017)","Baden-Württemberg","regional","ja","ja","ja","Büchsenstraße 54, 70174 Stuttgart",48.7794323,9.17109391935801
3,"http://www.gdi.bayern.de/","GDI Bayern","Deutschland","Knotenpunkt der Geodatenifrastruktur der bayrischen Landesregierung: Zugriff u.a. auf das Geoportal Bayern, den BayernAtlas, das Bayrische Frachinformationssystem Naturschutz, Das integrierte Bayerische Landwirtschaftliche Informations-System (iBALIS), das Bodeninformations-
system Bayern und den Bayerischen Denkmal-Atlas. (Stand: 7.11.2017)","Bayern","regional","ja","ja","ja","Alexandrastraße 4, 80538 München",48.1416478,11.5903622
4,"https://opendata.bayern.de/","Open Data Portal des Freistaats Bayern","Deutschland","Open Data Portal der bayrischen Landesregierung","Bayern","regional","ja","","","Odeonsplatz 4, 80539 München",48.1440011,11.5774407
5,"http://www.stadtentwicklung.berlin.de/geoinformation/","GDI Berlin","Deutschland","Das Geoportal Berlin bietet Informationen und Zugang zur Geodateninfrastruktur des Landes, der Landesvermessung, Liegenschaftskataster, Grundstückswerten und dem Umweltatlas Berlin (Stand: 26.10.2017)","Berlin","regional","ja","ja","ja","Württembergische Straße 6, 10707 Berlin",52.4926513,13.3150806
6,"http://daten.berlin.de/","Offene Daten Berlin","Deutschland","Open Data Portal der Stadt Berlin","Berlin","regional","ja","","","Martin-Luther-Straße 105, 10825 Berlin",52.4832798,13.3453171
7,"https://www.bochum.de/opendata","Bochum Open Data","Deutschland","„Online-Anwendungen und verschiedene Datensätze der Stadtverwaltung Bochum.“ (Stand 26.10.2017)","Bochum","kommunal","ja","","","Willy-Brandt-Platz 2-6, 44787 Bochum",51.4817532,7.2147474
8,"https://opendata.bonn.de/","Open Data Katalog Bonn","Deutschland","„Dieses Open Data Portal richtet sich in erster Linie an IT-Entwickler, die mit den angebotenen Datensätze Anwendungen erstellen möchten. So können die Datensätze z.B. für wissenschaftliche Zwecke und Bildungseinrichtungen, für bürgerschaftliches Engagement oder die Anwendungsentwicklung von Internetangeboten bzw. Apps, auch für die kommerzielle Weiternutzung, frei verwendet werden.“ (Quelle: Open Data Katalog Bonn, abgerufen am 26.10.2017)","Bonn","kommunal","ja","","","Bundesstadt Bonn, Berliner Platz 2, 53111 Bonn",50.7370976,7.09461696382194
9,"https://geoportal.brandenburg.de/","GDI Brandenburg","Deutschland","„Das Land Brandenburg bietet den Nutzern und Anbietern von Geodaten mit dem Geoportal Brandenburg einen zentralen Zugang zu Geodaten. Einfach und komfortabel können Geodaten gesucht und dargestellt werden. Der Zugriff auf verteilte Geodatenbestände wird somit von einer zentralen Stelle aus möglich.“ (Quelle: GDI Brandenburg, abgerufen am 26.10.2017)","Brandenburg","regional","ja","ja","ja","Heinrich-Mann-Allee 103, 14473 Potsdam",52.38302815,13.0794934998114
10,"http://www.braunschweig.de/leben/stadtplanung_bauen/geoinformationen/opengeodata.html","Braunschweig Open GeoData","Deutschland","„Die Stadt Braunschweig veröffentlicht an dieser Stelle ausgewählte Geodaten zur freien Verwendung durch die Bevölkerung, Vereine, Kongressveranstalter und Gewerbeunternehmen.“ (Quelle: Braunschweig OpenGeoData, abgerufen am 26.10.2017)","Braunschweig","kommunal","ja","","","Platz der Deutschen Einheit 1, 38100 Braunschweig",52.26461525,10.5249959242629
11,"http://gdi.bremen.de/","GDI Bremen","Deutschland","„Die Geodateninfrastruktur der Freien Hansestadt Bremen (GDI-FHB) hat zum Ziel, die in den Verwaltungen des Landes, bei der Stadt Bremen und beim Magistrat Bremerhaven vorhandenen Geodaten und Geodatendienste für Politik, Verwaltung, Wirtschaft, Wissenschaft und Öffentlichkeit zu vernetzen, verfügbar zu machen und deren Nutzung zu erleichtern.“  (Quelle: GDI Bremen, abgerufen am 26.10.2017)","Bremen","regional","ja","ja","ja","Lloydstr. 4, 28217 Bremen",53.0845748,8.78746387650925
12,"http://transparenz.bremen.de/","Transparenzportal Bremen","Deutschland","„Das Bremische Transparenzportal wird aus über 150 technischen Systemen mit Dokumenten und Datensätzen (Open Data) beliefert. Wenn die Schulen mitgerechnet werden, beliefern sogar über 200 Systeme das Portal.

Dabei werden die Daten teilweise manuell eingestellt oder gelangen automatisiert in das Transparenzportal.“ (Quelle: Transparenzportal Bremen. Technischer Aufbau und Funktionsweise des Transparenzportals, abgerufen am 26.10.2017)","Bremen","regional","ja","","","Rudolf-Hilferding-Platz 1, 28195 Bremen",53.07908605,8.81255324283708
13,"http://portal.chemnitz.opendata.arcgis.com/","Open Data Stadt Chemnitz","Deutschland","Open-Data-Portal der Stadt Chemnitz","Chemnitz","kommunal","ja","","","Markt 1, 09111 Chemnitz, ",50.8440896,12.9295439
14,"http://www.geodatenzentrum.de/geodaten/gdz_rahmen.gdz_div?gdz_spr=deu&gdz_akt_zeile=5&gdz_anz_zeile=0&gdz_user_id=0","Open Data - Freie Daten und Dienste des Bundesamt für Kartographie und Geodäsie (BKG)","Deutschland","„Die hier angebotenen Geodaten stehen unter verschiedenen Lizenzen geldleistungsfrei zum Download und zur Online-Nutzung zur Verfügung.“ (Quelle: Open Data BKG , abgerufen am 26.10.2017)","Deutschland","national","ja","ja","","Richard-Strauss-Allee 11, 60598 Frankfurt am Main",50.09029765,8.66542516772877
15,"https://code-de.org/","CODE-DE","Deutschland","„CODE-DE ist der deutsche Zugang zu den Daten des europäischen Erdbeobachtungsprogramms Copernicus. Dieses Programm der Europäischen Union stellt als Basis der Umweltbeobachtungen Satellitendaten der sogenannten Sentinel-Reihe zur Verfügung.“ (Quelle: CODE-DE, abgerufen am 26.10.2017)","Deutschland","national","teilweise","ja","","Invalidenstraße 44, D-10115 Berlin",52.5298323,13.378753
16,"http://www.geoportal.de/","GDI-DE - Geodaten aus Deutschland","Deutschland","„Geodaten aus Deutschland. Ihr Weg zu mehr Wissen. Landkarten, Luftbilder, Themenkarten. Von Energie bis Naturschutz: Hier bei Geoportal.de können Sie Geodaten aus ganz Deutschland recherchieren. Viele Suchergebnisse können Sie sich schon heute als Karte anzeigen lassen und miteinander verknüpfen. Geoportal.de ist ein Service von Bund, Ländern und Kommunen. Für interessierte Bürgerinnen und Bürger und für die Fachwelt. Ein Beitrag zur offenen Wissens- und Informationsgesellschaft. Geoportal.de bietet Ihnen einen umfassenden Überblick. Derzeit stehen hier mehr als 120 000 Einträge. Und die Zahl wächst. Themenkarten verknüpfen Daten zu Informationen für die Praxis. Etwa zu chancenreichen Standorten für neue Windkraftwerke.“ (Quelle: GDI-DE, abgerufen am 26.10.2017)","Deutschland","national","ja","ja","ja","Richard-Strauss-Allee 11, 60598 Frankfurt am Main",50.09029765,8.66542516772877
17,"http://dblp.org/","DBLP computer science bibliography","Deutschland","„The dblp computer science bibliography is the on-line reference for open bibliographic information on computer science journals and proceedings“ (Quelle: DBLP computer science bibliography, abgerufen am 26.10.2017)","Deutschland","national","nein","","","Behringstraße 1, 54296 Trier",49.7511426,6.6763670138806
18,"http://destatis.de/","Destatis - Statistisches Bundesamt","Deutschland","Internetangebot des Statistischen Bundesamtes mit aktuellen Informationen, Publikationen, Zahlen und Fakten der amtlichen Statistik","Deutschland","national","ja","","","Gustav-Stresemann-Ring 11, D-65189 Wiesbaden",50.0710686,8.25129427043278
19,"http://data.deutschebahn.com/","Deutsche Bahn Open Data","Deutschland","„Auf diesem Portal veröffentlicht die Deutsche Bahn AG einen wachsenden Datenbestand rund um Infrastruktur und Mobilität.“ (Quelle: Deutsche Bahn Open Data, abgerufen am 26.10.2017)","Deutschland","national","nein","","","Potsdamer Platz 2 10785 Berlin",52.50967395,13.3750178513833
20,"http://opendata.esri-de.opendata.arcgis.com/","Esri Deutschland Open Data Portal","Deutschland","„Entdecken Sie hier Open (Geo-)Data, Karten und Apps aus Deutschland zur sofortigen Nutzung und zum Download. Sie können nach Tags in Kategorien, nach beliebigen Begriffen oder Orten im Suchfeld fahnden. Entwickler können über den API Explorer direkt eine Verbindung zu jedem hier gelisteten Datensatz aufbauen oder die Daten als GeoJSON herunterladen. Dieses Portal stellt in ArcGIS Online veröffentlichte Open Data-Beiträge von Kunden und von Esri Deutschland sowie ausgewählte und republizierte Open Data aus fremden Portalen bereit.“ (Quelle: Esri Deutschland Open Data Portal)","Deutschland","national","nein","","","Esri Deutschland GmbH, Ringstraße 7, 85402 Kranzberg",48.4062363,11.6090811
21,"http://sdw.ecb.europa.eu/","European Central Bank - Statistical Data Warehouse","Deutschland","„SDW provides features to access, find, compare, download and share the ECB’s published statistical information.“ (Quelle: SDW, abgerufen am 26.10.2017)","Deutschland","national","ja","","","European Central Bank, Sonnemannstrasse 22, 60314 Frankfurt am Main ",50.1088825,8.70303974026316
22,"http://offenedaten.de/","Offenedaten.de","Deutschland","„OffeneDaten.de ist ein Datenkatalog für offene Daten in Deutschland. Die Seite wurde 2010 von engagierten Bürgern initiiert, weil es bis Dato kein vergleichbares Angebot in Deutschland gab.“ (Quelle: Offenedaten.de, abgerufen am 26.10.2017)","Deutschland","national","nein","","","Singerstr. 109, 10179 Berlin",52.5165993,13.4254157
23,"https://www.offenesdatenportal.de/","Offenesdatenportal.de","Deutschland","„Die Kommunalverwaltungen in Deutschland bietet Ihnen auf diesem Portal zahlreiche Datensätze, Dienste und Anwendungen der Behörden und Ämter an. Die Datensätze werden von der Verwaltung im Sinne von „Open Data“ frei verfügbar und nutzbar in entsprechenden Kommunalportalen zur Verfügung gestellt. Sie können entsprechend der Nutzungsbedingungen und Lizenzen weiterverwendet werden, beispielweise für die Entwicklung von Apps.“ (Quelle: Offenesdatenportal.de, abgerufen am 26.10.2017)","Deutschland","kommunal","nein","","","Friedrich-Heinrich-Allee 130, 47475 Kamp-Lintfort",51.4872069,6.5467271
24,"http://segelflug.de/vereine/welt2000/","Welt 2000 Airports/waypoints","Deutschland","„WELT2000 ist eine freie Datenbank mit Daten von Flugplätzen und Außenlandefeldern weltweit. Die Daten sind Basis vieler Geräte und Programme für den Luftsport. WELT2000 wird von Luftsportlern für Luftsportler gemacht.“ (Quelle: WELT2000, abgerufen am 26.10.2017)","Deutschland","international","nein","","","",52.5243681651,13.4105300903
25,"https://www.govdata.de/","GovData - das Datenportal für Deutschland","Deutschland","„Auf GovData, dem Datenportal für Deutschland sind Daten aller Verwaltungsebenen zentral zugänglich. Aktuelle Infos und Ähnliches finden Sie im Blog von GovData.“ (Quelle: GovData, abgerufen am 26.10.2017)","Deutschland","national","ja","","","Gänsemarkt 36, 20354 Hamburg",53.55523845,9.98774198301294
26,"https://www.mcloud.de/","mCloud","Deutschland","„Die mCLOUD ist eine Rechercheplattform zu offenen Daten aus dem Bereich Mobilität und angrenzender Themen. Das BMVI stellt mit der mCLOUD einen zentralen Zugangspunkt zu allen offenen Daten seines Geschäftsbereiches zur Verfügung und öffnet das Portal auch für private Anbieter aus dem Mobilitätsbereich, um ihre Daten dort anzubieten.“ (Quelle: mCloud, abgerufen am 26.10.2017/","Deutschland","national","ja","","","Robert-Schuman-Platz 1, D 53175 Bonn",50.705303,7.1399115
27,"http://freiegeodatenlandkreisdiepholz-geoweb-diepholz.opendata.arcgis.com/","Open Geodata Landkreis Diepholz","Deutschland","„Die hier angebotenen Geodaten sind für alle interessierten Nutzer in maschinenlesbaren Formaten frei zugänglich. Sie beinhalteten anwendungsspezifische Fachinformationen zum Landkreis Diepholz und stammen aus der zentralen Geodatenbank des Geoinformationssystems. Die angebotenen Geodaten werden in Echtzeit zur Verfügung gestellt, so dass die verfügbaren Inhalte den intern verwendeten Strukturen entsprechen. Lediglich personenbezogene Inhalte bzw. Inhalte nur für den Dienstgebrauch sind ausgeblendet. Daten, die der Landkreis in Lizenz nutzt, können hier nicht angeboten werden. Die angebotene Inhalte sind lizenziert unter einer Datenlizenz Deutschland – Namensnennung – Version 2.0“ (Quelle: Open Geodata Landkreis Diepholz, abgerufen am 26.10.2017)","Diepholz","kommunal","ja","","","Niedersachsenstr. 2, 49356 Diepholz",52.6086147,8.37532804787202
28,"http://www.offenedaten.frankfurt.de","offenedaten.frankfurt.de","Deutschland","„Hier finden Sie offene Daten aus den Ämtern und Betriebender Stadtverwaltung Frankfurt am Main. Es handelt sich um „offene“ Daten, weil die Stadt Frankfurt die Datensätze zur freien Nutzung und in offenen, maschinenlesbaren Formaten bereitstellt. Wir folgen hier der Idee, die allgemein als Open Data bezeichnet wird.“  (Quelle: Offene Daten Frankfurt, abgerufen am 26.10.2017)","Frankfurt am Main","kommunal","ja","","","Stadt Frankfurt am Main, Zanderstraße 7, 60327 Frankfurt am Main",50.1002825,8.6582261
29,"http://fritz.freiburg.de/","Freiburg FRITZ Online Statistics","Deutschland","Statistik-Portal der Stadt Freiburg im Breisgau (enthält u.a. die Themen „Open Data“ und „Geodaten“)","Freiburg im Breisgau","kommunal","Ja","ja","","Stadt Freiburg im Breisgau, Rathausplatz 2 - 4, 79098 Freiburg",47.9962299,7.8493532
30,"https://opendata.gelsenkirchen.de/","Offene Daten Gelsenkirchen","Deutschland","„Die Daten Deiner Stadt gehören Dir. Wir – die Stadt Gelsenkirchen – öffnen sie und Du machst was draus. Zum Beispiel Webanwendungen wie Apps oder Internetseiten. So haben alle etwas davon: Du weißt mehr über deine Stadt und viele Menschen profitieren von Deinem Wissen. Sei Teil der digitalen Revolution!“  (Quelle: Offene Daten Gelsenkirchen, abgerufen am 26.10.2017)","Gelsenkirchen","kommunal","ja","","","Stadt Gelsenkirchen, Ebertstraße 11, 45879 Gelsenkirchen",51.5109986,7.0924741727187
31,"http://www.daten.halle.de","Halle an der Saale Open Data","Deutschland","„Auf dem Weg zu einem eigenen Open-Data-Portal gibt die Stadtverwaltung verschiedene Datensätze in bspw. CSV- und Excel-Formaten frei.

Dies ist der erste Schritt. Es ist geplant, zukünftig weitere Daten zur freien Verfügung einzustellen.“ (Quelle: http://www.daten.halle.de, abgerufen am 26.10.2017)","Halle an der Saale","kommunal","ja","","","Stadt Halle, Marktplatz 1, 06100 Halle",51.48256465,11.9717438561713
32,"http://www.hamburg.de/gdi-hh","GDI Hamburg","Deutschland","Eine Geodateninfrastruktur (GDI) ist ein komplexes Netzwerk zum standardisierten Austausch von Geodaten mit dem Ziel, diese leichter zugänglich und kombinierbar zu machen. Eine GDI wird auf verschiedenen Ebenen aufgebaut. Dabei ist die Geodateninfrastruktur Hamburg (GDI-HH) sowohl eigenständig, als auch ein Bestandteil der GDI-DE.","Hamburg","regional","ja","ja","ja","Neuenfelder Straße 19, 21109 Hamburg",53.4977259,10.0037004
33,"http://daten.hamburg.de/","Transparenzportal Hamburg","Deutschland","Die bisher unter dem Open Data Portal veröffentlichten Daten, finden Sie nun hier im Transparenzportal.","Hamburg","regional","ja","","","Freie und Hansestadt Hamburg, Rathausmarkt 1, 20095 Hamburg",53.550714,9.9920754
34,"https://www.opendata-hro.de/","OpenData.HRO","Deutschland","„Die Hansestadt Rostock sammelt und pflegt eine Vielzahl von Daten. Diese Daten bergen enormes Potenzial für Innovationen, sofern sie als offene Daten für jedermann frei zugänglich gemacht werden und sie für jegliche Zwecke weiterverwendet und -verbreitet werden können – insbesondere auch für kommerzielle Zwecke. Das vorliegende Portal dient als zentrale Plattform zur Veröffentlichung offener Daten der Hansestadt Rostock.“ (Quelle: OpenData.HRO, abgerufen am 26.10.2017)","Hansestadt Rostock","kommunal","ja","","","Hansestadt Rostock, 18050 Rostock",54.0826367,12.0695691
35,"http://www.herne.de/Stadt-und-Leben/Stadtfakten/Open-Data/","Herne Open Data","Deutschland","„Im Open Data Portal der Stadt Herne werden verschiedene Datensätze der Stadtverwaltung veröffentlicht.“ (Quelle: Herne Open Data, abgerufen am 26.10.2017)","Herne","kommunal","ja","","","Stadt Herne, Friedrich-Ebert-Platz 2, 44623 Herne",51.53793885,7.21950843870186
36,"http://www.geoportal.hessen.de/","GDI Hessen","Deutschland","„Das Geoportal Hessen ist der zentrale Einstiegspunkt in die Geodateninfrastruktur Hessen und bietet einen einheitlichen und einfachen Zugang zu raumbezogenen Daten des Landes Hessen im Internet. Hier steht die Karte im Mittelpunkt.“ (Quelle: GDI Hessen, abgerufen am 26.10.2017)","Hessen","regional","ja","ja","ja","Schaperstraße 16, 65195 Wiesbaden",50.0879418,8.22685858728709
37,"http://opendata.jena.de/","Jena OpenData","Deutschland","„Das Portal dient der Veröffentlichung von offenen Daten der Stadt Jena zur freien Verwendung und Nutzung entsprechend der Lizenzierung. Der Umfang der Datensätze wird kontinuierlich erweitert. Wir stellen sowohl dynamische als auch statische Daten zur Verfügung.“ (Quelle: Jena Open Data, abgerufen am 26.10.2017)","Jena","kommunal","ja","","","Am Anger 15, 07743 Jena, ",50.9288546,11.5876823
38,"https://www.offenesdatenportal.de/organization/kreis-kleve","Kreis Kleve Open Data","Deutschland","Open Data Portal des Kreises Kleve  auf der Plattform offenesdatenportal.de, 83 Datensätze nach 7 Gruppen geordnet, u.a. zur öffentlichen Verwalltung, Wirtschaft und Arbeit, Transport und Verkehr (Stand: 26.10.2017)","Kleve","kommunal","ja","","","Friedrich-Heinrich-Allee 130, 47475 Kamp-Lintfort",51.4846624,6.5153641
39,"https://www.offenesdatenportal.de/organization/stadt-kleve","Stadt Kleve Open Data","Deutschland","Open Data der Stadt Kleve auf der Plattform offenesdatenportal.de, 46 Datensätze mit verschiedenen Tags versehen, Bezug u.a. demographische Daten, öffentlichen Einrichtungen und Flächennutzung (Stand: 26.10.2017)","Kleve","kommunal","ja","","","Friedrich-Heinrich-Allee 130, 47475 Kamp-Lintfort",51.4846624,6.5153641
40,"https://www.offenedaten-koeln.de/","Offene Daten Köln","Deutschland","Offene Daten der Stadt Köln mit Datensätzen verschiedener Einrichtungen, u. a. Kölner Zoo, Stadtbibilothek, Polizei, Verkehrsverbund Rhein-Sieg GmbH, Kölner Verkehrs-Betriebe AG, Feuerwehr Koeln, AWB Abfallwirtschaftsbetriebe Köln GmbH, FH Köln, cambio Carsharing  (Stand: 26.10.2017)","Köln","kommunal","ja","","","Stadt Köln",50.9422631,6.951002
41,"https://www.offenesdatenportal.de/organization/krefeld","Krefeld Open Data","Deutschland","Open Data der Stadt Kleve auf der Plattform offenesdatenportal.de, 45 Datensätze mit verschiedenen Tags versehen, gruppiert nach den Themen „Bevolkerung, Geologie und Geobasisdaten“, „Kultur, Freizeit, Sport und Tourismus“, „Soziales“, „Bevölkerung“, „Infrastruktur“ und mehr (Stand: 26.10.2017)","Krefeld","kommunal","ja","","","Friedrich-Heinrich-Allee 130, 47475 Kamp-Lintfort",51.4872069,6.5467271
42,"https://opendata.leipzig.de/de/dataset","Leipzig Open Data","Deutschland","„Die Stadt Leipzig möchte verschiedene Datensätze aus der Verwaltung, Fachleuten sowie interessierten Nutzern zur Verfügung zu stellen. Für diesen Zweck wurde das Open Data-Portal der Stadt Leipzig eingerichtet. Zudem veröffentlicht die Stadtverwaltung Leipzig ihre Datensätze auf dem Datenportal für Deutschland.“ (Quelle: Leipzig Open Data, abgerufen am 26.10.2017)
","Leipzig","kommunal","ja","","","Stadt Leipzig, Martin-Luther-Ring 4-6, 04109 Leipzig",51.3360228,12.3726786
43,"https://open.lklg.net/","Open Data Portal des Landkreis Lüneburg","Deutschland","„Dies ist das Open Data Portal des Landkreis Lüneburg. Open Data steht für die Öffnung von Informationen und Daten des öffentlichen Sektors für die Allgemeinheit. Mit diesem Portal möchte der Landkreis Lüneburg mehr Transparenz der Kreisverwaltung schaffen.“ (Quelle: Open Data Portal des Landkreis Lüneburg, abgerufen am 26.10.2017)","Lüneburg","kommunal","ja","","","Landkreis Lüneburg, Auf dem Michaeliskloster 4, 21335 Lüneburg ",53.2497212,10.4006111
44,"https://www.magdeburg.de/Start/B%C3%BCrger-Stadt/Verwaltung-Service/Offene-Verwaltungsdaten/index.php?La=1&NavID=37.906&object=tx%7C37.12808.1&kat=&kuo=2&sub=0","Magdeburg Open Data","Deutschland","„Der Stadtrat hat sich zur Bereitstellung von offenen Verwaltungsdaten der Landeshauptstadt im Rahmen eines Projektes positioniert. Der Verwaltung ist es wichtig, überschaubar zu beginnen, Erfahrungen zu sammeln und darauf aufbauend sukzessive das Vorhaben weiter voranzutreiben.“
(Quelle: Landeshauptstadt Magdeburg, abgerufen am 26.10.2017)","Magdeburg","kommunal","ja","","","Landeshauptstadt Magdeburg, Alter Markt 6, 39104 Magdeburg",52.13133305,11.6403139798252
45,"https://opendata.mannheim.de/","Open Data der Stadt Mannheim","Deutschland","„Der Gemeinderat der Stadt Mannheim hat im März 2015 beschlossen, dass auf einem eigenen Portal offene Daten (Open Data) zur Verfügung gestellt werden.

Dieses Portal richtet sich sowohl an Bürger als auch an Entwickler von Anwendungen.“ (Quelle: Stadt Mannheim, abgerufen am 26.10.2017) ","Mannheim","kommunal","ja","","","Stadt Mannheim, Rathaus, D-68159 Mannheim",49.4895779,8.46277684750246
46,"http://www.geoportal-mv.de/","GDI Meck­len­burg-Vor­pom­mern","Deutschland","„Das Geodatenportal des Landes Mecklenburg-Vorpommern (GeoPortal.MV) ist der zentrale Zugangsknoten zu Geodaten und Geodatendiensten aus allen Bereichen der Landesverwaltung M-V und der Kommunalverwaltungen M-V. Politik, Wirtschaft, Wissenschaft, Verwaltung und Privatpersonen können auf diese Daten zugreifen, die eine verlässliche Grundlage für effiziente Entscheidungen bieten. Das GeoPortal.MV ist eine technische Kernkomponente der Geodateninfrastruktur Mecklenburg-Vorpommern (GDI-MV).“ (Quelle: GeoPortal.MV, abgerufen am 26.10.2017) ","Meck­len­burg-Vor­pom­mern","regional","ja","ja","ja","Lübecker Straße 287, 19059 Schwerin",53.64642465,11.3801039308305
47,"https://opendata.meerbusch.de/","Meerbusch Open Data","Deutschland","„Die Stadt Meerbusch stellt ab 2017 offene Daten auf diesem Portal zur Verfügung. Wir starten mit ersten Daten zu Bevölkerung und Wahlen und bauen das Angebot in den kommenden Monaten weiter aus. Wir werden nach Abstimmung mit dem Land NRW bald auf Open.NRW als Datenbereitsteller gelistet, so dass unsere Informationen auch landes- und bundesweit gefunden werden können.“ (Quelle: Stadt Meerbusch, abgerufen am 26.10.2017) ","Meerbusch","kommunal","ja","","","Stadt Meerbusch, Moerser Straße 28, 40667 Meerbusch",51.2531516,6.68673741724607
48,"http://stadt.mittenwalde.opendata.arcgis.com/","Mittenwalde Open Data","Deutschland","Open Data Portal der Stadt Mittenwalde basierend auf ArcGIS Portal.","Mittenwalde","kommunal","ja","","","Stadt Mittenwalde, Rathausstraße 8, 15749 Mittenwalde ",52.2599678,13.5479463
49,"https://offenedaten.de/organization/mittenwalde","Open Data der Stadt Mittenwalde","Deutschland","Open Data Portal der Stadt Mittenwalde auf Offenedaten.de, 7 Datensätze mit verschiedenen Tags, u.a. Verkehr, Bebauungsplan, Einwohner","Mittenwalde","kommunal","ja","","","Stadt Mittenwalde, Rathausstraße 8, 15749 Mittenwalde",52.2599678,13.5479463
50,"https://www.mittenwalde.de/de/service-wie-was-wo/geoportal/geoportal/","Geoportal der Stadt Mittenwalde","Deutschland","Geodaten der Stadt Mittenwalde zur Online-Ansicht. Es gibt gibt ein neues und ein altes Geoportal. Das Neue mit einer Liegenschaftskarte und einem Kartenthema zur Bauleitplanung ausgestattet ist. (Stand: 26.10.2017)","Mittenwalde","kommunal","ja","ja","ja","Stadt Mittenwalde, Rathausstraße 8, 15749 Mittenwalde",52.2599678,13.5479463
51,"http://offenedaten.moers.de/","Offene Daten Moers","Deutschland","„Es handelt sich um ""offene"" Daten, weil die Stadt Moers die Datensätze zur freien Nutzung und in offenen, maschinenlesbaren Formaten bereitstellt. Wir folgen hier der Idee, die allgemein als Open Data bezeichnet wird. Die grundsätzliche Idee wird gut in den ""Externer Link10 Prinzipien offener Regierungsinformationen"" vermittelt.

Nach und nach werden wir den Bestand an offenen Daten erweitern. Wir veröffentlichen in unserem Portal auch Daten von Unternehmen oder Privatleuten, wenn sie einen Bezug zu Moers haben und es keine rechtlichen Beschränkungen gibt. Wenn Sie Daten haben, melden Sie sich!“ 
(Quelle: Stadt Moers, abgerufen am 26.10.2017)","Moers","kommunal","ja","","","Rathaus Moers, Rathausplatz 1, 47441 Moers",51.4532462,6.6266906
52,"https://www.moenchengladbach.de/de/aktuell-aktiv/open-data/","Mönchengladbach Open Data","Deutschland","„Die Stadt Mönchengladbach startet im Rahmen ihrer Open Government Bestrebungen dieses Open-Data-Portal.

Nach und nach werden wir den Bestand an offenen Daten erweitern und so eine Grundlage bilden, für einen demokratischen Wissensaustausch, mehr Partizipation und eine bessere Kommunkation zwischen Verwaltung, Politik und Bürgerinnen und Bürgern unserer Stadt.“ (Quelle: Stadt Mönchengladbach, abgerufen am 26.10.2017)","Mönchengladbach","kommunal","ja","","","Stadt Mönchengladbach, 41050 Mönchengladbach",51.2031668,6.45409639874154
53,"https://geo.muelheim-ruhr.de/open-data/13819","Mülheim an der Ruhr Open Data","Deutschland","„Die Stadt Mülheim an der Ruhr stellt offene Daten (Open Data) als Rohdaten aus verschiedenen Bereichen der Verwaltung bereit. Eine automatisierte Aktualisierung sorgt dafür, dass stets nur die aktuellsten Daten publiziert werden.“ (Quelle: Stadt Mönchengladbach, abgerufen am 26.10.2017)","Mülheim an der Ruhr","kommunal","ja","","","Am Rathaus 1, 45468 Mülheim an der Ruhr",51.4284118,6.8786938
54,"https://www.opengov-muenchen.de/","Open-Data-Portal München der Landeshauptstadt München","Deutschland","„Auf dem Open Data Portal München stellt die Landeshauptstadt München Datensätze der öffentlichen Verwaltung zur Verfügung. Verwaltungsmitarbeitern, Bürgerinnen und Bürgern, Unternehmen und Wissenschaftlern soll damit die Möglichkeit gegeben werden, über einen zentralen Einstiegspunkt auf Daten und Informationen der Verwaltung zuzugreifen und diese weiterzuverwenden, so dass durch neue Ideen sowie Kombination und Analyse neue Erkenntnisse aus den vorhandenen Daten gewonnen werden können.“ (Quelle: Open-Data-Portal München der Landeshauptstadt München, abgerufen am 26.10.2017)","München","kommunal","ja","","","Landeshauptstadt München, 80313 München",48.1039099,11.6048638526407
55,"http://www.stadt-muenster.de/katasteramt/geodatenmanagement/open-data.html","Münster GeoData","Deutschland","„Die Stadt Münster beteiligt sich am Wettbewerb ""Apps für Deutschland"". Sie stellt dazu Datensätze über Spielplätze und Sportstätten als offene Daten zur Verfügung. Die Daten werden mit Stand Dezember 2011 bereitgestellt. Es kommt die Lizenz Creative Commons Namensnennung 3.0 zur Anwendung.“
(Quelle: Stadt Münster, abgerufen am 26.10.2017)","Münster (Westf.)","kommunal","ja","","","Stadt Münster, 48127 Münster",51.9018409,7.6735556
56,"http://iatiregistry.org/","Iati Registry","Deutschland","Das internationale Datenportal der „International Aid Transparency Initiative“ (IATI) enthält offene Daten zur Entwicklungszusammenarbeit verschiedener Länder. Zu den Datenanbietern gehört unter anderem das Das Bundesministerium für wirtschaftliche Zusammenarbeit und Entwicklung (BMZ)","Berlin","international","nein","","","",52.5243681651,13.4105300903
57,"https://transparenz.karlsruhe.de/","Karlsruhe Open Data","Deutschland","Zentrale Anlaufstelle für offene Daten und Dokumente der Stadt Karlsruhe:

„Auf diesem Portal finden Sie sowohl Dokumente und Berichte, als auch maschinenlesbare Datensätze (""open data""). Diese Informationen dürfen Sie - unter einigen wenigen Bedingungen - kostenfrei weitergeben, bearbeiten und auch kommerziell nutzen. Wir freuen uns, wenn daraus interessante Projekte entstehen - und wenn Sie uns von Ihrem Projekt erzählen. Das Informationsangebot wird laufend erweitert.“
(Quelle: Stadt Karlsruhe, abgerufen am 27.10.2017)
","Karlsruhe","kommunal","ja","","","Stadt Karlsruhe, Karl-Friedrich-Str. 10, 76133 Karlsruhe ",49.00862575,8.40324575770885
58,"https://www.offenesdatenportal.de/organization/krzn","Kommunales Rechenzentrum Niederrhein","Deutschland","Offene Daten des Kommunalen Rechenzentrums Niederrhein (KRZN) mit Sitz in Kamp-Lintfort. Das KRZN ist ein kommunaler Zweckverband un IT-Dienster für Stadt Bottrop, Stadt Krefeld, Kreis Kleve, Kreis Viersen und Kreis Wesel. 25 Datensätze gruppiert nach den Themen „Wirtschaft und Arbeit“, „Öffentliche Verwaltung“ und „Geographie, Geologie und Geobasisdaten“ (Stand: 27.10.2017)","Niederrhein","kommunal","ja","ja","","Friedrich-Heinrich-Allee 130, 47475 Kamp-Lintfort",51.4872069,6.5467271
59,"https://www.geodaten.niedersachsen.de","GDI Niedersachsen","Deutschland","Informationsplattform zum Thema Geodaten des Landes Niedersachsen. 

Ansprechpartner für das Geoportal und die Geodateninfrastruktur des Landes ist die Koordinierungsstelle GDI-NI beim Landesamt für Geoinformation und Landesvermessung Niedersachsen (LGLN) - Landesvermessung und Geobasisinformation mit Sitz in Hannover. (Stand: 27.10.2017)","Niedersachsen","regional","ja","ja","ja","Podbielskistraße 331, 30659 Hannover",52.4072985,9.8019451
60,"https://www.geoportal.nrw/","GDI NRW","Deutschland","Die Geodateninfrastruktur des Landes Nordrhein-Westfalen besteht seit 1999 und hat sich die Aktivierung des Geodatenmarktes sowie die verbesserte Verfügbarkeit und Nutzbarkeit der behördlichen und privaten Geodaten zum Ziel gesetzt. An der Realisierung der GDI sind das Land NRW, Kommunen, IT-Unternehmen und Nutzer von Geoinformationen beteiligt.
(Stand: 27.10.2017)","Nordrhein-Westfalen","regional","ja","ja","ja","Muffendorfer Str. 19-21, 53177 Bonn ",50.675484,7.1574464
61,"http://offenedaten.kdvz-frechen.de/","Offene Daten kdvz Rhein-Erft-Rur","Deutschland","Im Rahmen des Pilotprojektes „Kommunales Open Government in NRW“ realisiert die kdvz Rhein-Erft-Ruhr gemeinsam mit 24 Kommunen und der Open Knowledge Foundation ein sog. „interkommunales Transparenzportal für Gremiendaten“.

Die beteiligten Kommunen sind:
Stadt Kerpen, Gemeinde Kall, Stadt Brühl, Kreis Euskirchen, Stadt Elsdorf, Stadt Bergheim, Gemeinde Langerwehe, Gemeinde Hürtgenwald, Gemeinde Vettweiß, Stadt Jülich, Gemeinde Merzenich, Stadt Wesseling, Stadt Heimbach, Gemeinde Kreuzau, Stadt Linnich, Stadt Bad Münstereifel, Gemeinde Titz, Stadt Bedburg
(Stand: 27.10.2017)","Nordrhein-Westfalen","kommunal","ja","","","Bonnstraße 16-18, 50226 Frechen",50.9127371,6.82781069933501
62,"https://open.nrw/","Open Data | Open.NRW","Deutschland","Open.NRW unterstützt Verwaltungen, Bürgerinnen und Bürger des Landes Nordrhein-Westfalen sowie weitere externe Akteure bei dem offenen Austausch und der Zusammenarbeit. Das Landesportal vereint offene Datensätze von Städten und Kommunen und beinhaltet zudem Geobasisdaten. (Stand: 27.10.2017)","Nordrhein-Westfalen","regional","ja","ja","","Friedrichstraße 62-80, 40217 Düsseldorf",51.218495,6.7769184
63,"http://www.geoportal.rlp.de/","GDI Rhein­land-Pfalz","Deutschland","Über das GeoPortal.rlp können Geodaten des Landes Rheinland-Pfalz zentral gesucht und visualisiert werden. Es handelt sich um ein Projekt des Lenkungsausschuss für Geodateninfrastruktur Rheinland-Pfalz, dessen Mitglieder Vertreter der Staatskanzlei, der Ministerien und der kommunalen Spitzenverbände sind. Das Portal selbst ist als Open-Source Projekt realisiert, wovon ausgewählte Komponenten unter anderem als LiveCD heruntergeladen werden können. (Stand: 27.10.2017)","Rhein­land-Pfalz","regional","ja","ja","ja","Von-Kuhl-Str. 49, 56070 Koblenz",50.3750314,7.58472409095872
64,"https://daten.rlp.de/","Open-Government-Data-Portal Rheinland-Pfalz  (OGDP-RP)","Deutschland","Das Portal bietet einen einheitlichen, zentralen Zugang zu Verwaltungsdaten der rheinland-pfälzischen Landesbehörden und Kommunen. Unbedingt zu beachten ist, dass neben den offenen Daten hier auch Daten mit eingeschränkten Lizenzbedingungen angeboten werden, obgleich die Verwendung offener Lizenzen und maschinenlesbarer Rohdaten allgemein angestrebt wird. (Stand: 27.10.2017)","Rheinland-Pfalz","regional","ja","","","Schillerplatz 3 – 5, 55116 Mainz",49.9977876,8.2678636
65,"http://geoportal.saarland.de/","GeoPortal Saarland (GDI-SL)","Deutschland","Das GeoPortal Saarland ist die Informations- und Interaktionsplattform der Geodateninfrastruktur Saarland (GDI-SL). Mithilfe von Netzwerk- und Geodiensten ermöglicht diese einen zentralen Zugang zu raumbezogenen Informationen im Saarland.

Die Daten werden je zu verschiedenen Nutzungsbedingungen angeboten, einige davon sind frei, andere sind Zugangsbeschränkt. Zu beachten ist dabei die Legende der Inhaltsübersicht und die genauen Angaben in den Metadaten.

(Stand: 27.10.2017)","Saarland","regional","ja","ja","ja","Von der Heydt 22, 66115 Saarbrücken",49.27743135,6.95079331127105
66,"http://www.gdi.sachsen.de/","GDI Sachsen","Deutschland","Die Geodateninfrastruktur Sachsen hat das Ziel, digitalen, raumbezogenen Daten aus der Wirtschaft und öffentlichen Verwaltung des Landes einem breiten Nutzerkreis zugänglich zu machen. Die suche nach Geodaten wird über den Metadatenkatalog GeoMIS.Sachsen und das Geoportal Sachsenatlas ermöglicht. 
(Stand: 27.10.2017)","Sachsen","regional","ja","ja","ja","Olbrichtplatz 3, 01099 Dresden",51.0768993,13.7596144041686
67,"http://www.opendata.sachsen.de","Open Data - Verfügbare Datenbestände des Freistaats Sachsen","Deutschland","Im Zuge des Projektes „Open Government Data“ wird angestrebt, die Transparenz staatlichen handelns zu erhöhen, in dem mehr Daten aus dem staatlichen Bereich publiziert werden. 

Die Webseite verweist auf diverse Datenbestände, die zukünftig erschlossen werden könnten. Die Nutzungsbedingungen und Urheberrechtsfragen sind aber bislang noch nicht einheitlich geregelt.
(Stand: 27.10.2017)","Sachsen","regional","ja","","","Riesaer Straße 7, Haus D, 01129 Dresden",51.08341095,13.7236239437709
68,"http://www.lvermgeo.sachsen-anhalt.de/de/main.htm","GDI Sachsen-Anhalt / LvermGeo","Deutschland","Die Website des Landesamt für Vermessung und Geoinformation Sachsen-Anhalt umfasst Zugänge zu Diensten der Geodateninfrastruktur Sachsenanhalt (GDI-LSA) sowie einen Geodatenviewer. Viele der angebotenen Dienste und Daten sind käuflich zu erwerben oder unterliegen Nutzungsbeschränkungen.
(Stand: 27.10.2017)","Sachsen-Anhalt","regional","ja","ja","ja","Otto-von-Guericke-Straße 15, 39104 Magdeburg",52.1296222,11.6308547
69,"https://offenedaten.de/organization/salzgitter","Salzgitter","Deutschland","Sie Stadt Sapzgitter stellt auf diesem Portal 9 offene Datensätze aus den Kategorien „Öffentliche Verwaltung“, „Kultur, Freizeit, Sport und Tourismus“, sowie „Geographie, Geologie und Geobasisdaten“ zur Verfügung. (Stand: 27.10.2017)","Salzgitter","kommunal","ja","","","Stadt Salzgitter, Joachim-Campe-Straße 6 - 8, 38226 Salzgitter",52.1549617,10.3264841
70,"http://www.gdi-sh.de/","GDI Schleswig-Holstein","Deutschland","Die Geodateninfrastruktur Schleswig-Holstein ermöglicht unter der Leitung des Lenkungsgremiums LG GDI-SH den Zugriff auf Geodaten des Landes Schleswig-Holstein. Die website umfasst ein Geoportal, welches das suchen und Betrachten von Geodaten, nach Themen unterteilt, ermöglicht. Zudem werden kommerzielle Dienste angeboten. (Stand: 27.10.2017)","Schleswig-Holstein","regional","ja","ja","ja","Düsternbrooker Weg 92, 24105 Kiel",54.3362847,10.155210553726
71,"http://www.geoportal-th.de/","GDI Thüringen","Deutschland","Die Geodateninfrastruktur (GDI) des Landes Thüringen ermöglicht den zugriff auf Geodaten und Dienste des Landes. Neben einem umfrangreichen Downloadbereich von offenen Geodaten ist der Zugriff auf eine Metadatensuche, Web-Viewer, Geoproxy und OGC-Dienste sowie versichiedene Temenbereiche möglich. (Stand: 27.10.2017)","Thüringen","regional","ja","ja","ja","Landesamt für Vermessung und Geoinformation, Hohenwindenstr. 13 a, D-99086 Erfurt",51.0029703,11.0301267
72,"http://www.geoportal-th.de/de-de/downloadbereiche/downloadoffenegeodatenth%C3%BCringen.aspx","Download Offene Geodaten Thüringen","Deutschland","Teil des Geoportal-Th und der GDI-Th ist ein Downloadbereich, in dem eine Vielzahl von Geodaten ohne Zugangsbeschränkung genutzt und heruntergeladen werden können. Zu beachten ist, dass die Datenlizenz einen Quellenvermerk vorschreibt. (Stand: 27.10.2017)","Thüringen","regional","ja","ja","","Landesamt für Vermessung und Geoinformation, Hohenwindenstr. 13 a, D-99086 Erfurt",51.0029703,11.0301267
73,"http://daten.ulm.de/","daten.ulm.de","Deutschland","„daten.ulm.de ist eine Infoplattform für (offene) Geodaten und offene statistische Daten der Stadt Ulm.  Welche Geodaten und Karten gibt es bei der Stadt Ulm in welcher Aktualität? Wer ist Ansprechpartner? Welche offenen Daten kann ich sofort herunterladen und weiterverwenden?  Stöbern Sie einfach im thematisch gegliederten Datenkatalog, dessen Angebot sukzessive ausgebaut wird.“ (Quelle: daten.ulm, abgerufen am 27.10.2017)","Ulm","kommunal","ja","","","Stadt Ulm, Marktplatz 1, 89073 Ulm",48.3968458,9.9933699
74,"https://www.offenesdatenportal.de/organization/kreis-viersen","Kreis Viersen Open Data","Deutschland","Offene Verwaltungsdaten des Kreises Viersen","Viersen","kommunal","ja","","","Rathausmarkt 3, 41747 Viersen",51.2589946,6.3930083
75,"https://www.offenesdatenportal.de/organization/stadt-wesel","Stadt Wesel am Rhein Open Data","Deutschland","Offene Verwaltungsdaten der Stadt Wesel","Wesel","kommunal","ja","","","Stadt Wesel, Klever-Tor-Platz 1, 46483 Wesel",51.65888825,6.61112660507015
76,"https://www.offenedaten-wuppertal.de/","Offene Daten Wuppertal","Deutschland","Offene Daten der Stadt Wuppertal","Wuppertal","kommunal","ja","","","Johannes-Rau-Platz 1, 42275 Wuppertal",51.27215575,7.20012974620937
77,"https://open-data.europa.eu/de/about","Offenes Datenportal der EU","Europa","“Das Offene Datenportal der Europäischen Union bietet Zugang zu einer wachsenden Menge von Daten über die Organe und sonstigen Einrichtungen der Europäische Union (EU).” (Quelle: Europäische Union, abgerufen am 7.11.2017)","Europa","international","ja","","","",48.5948367,7.7719195
78,"http://data.graz.gv.at/","Graz Open Data","Österreich","Graz Online - Stadtportal der Landeshauptstadt Graz","Graz","kommunal","ja","","","Stadt Graz, Rathaus, 8011 Graz",47.0703682,15.4382920305677
79,"http://data.ktn.gv.at/","Kärnten Open Data","Österreich","Datenauftritt des Bundeslandes Kärnten","Kärnten","regional","ja","","","Arnulfplatz 1, A-9021 Klagenfurt/Wörthersee",46.6210806,14.3115056652442
80,"http://data.linz.gv.at/","Linz Open Data","Österreich","Datenauftritt der Stadt Linz","Linz","kommunal","ja","","","Hauptplatz 1, 4041 Linz",48.3060622,14.2869766468633
81,"http://opendataportal.at/","Open Data Portal Österreich","Österreich","Das zentrale Datenportal für Wirtschaft, Kultur, NGO/NPO, Forschung und Zivilgesellschaft. Betrieben durch Wikimedia Österreich","Österreich","national","nein","","","Stolzenthalergasse 7/1, 1080 Wien",48.2088201,16.3417422
82,"http://data.noe.gv.at/","Niederösterreich (lower Austria) Open Data","Österreich","Katalog von OGD-Datensätzen des Landes Niederösterreich","Niederösterreich","regional","ja","","","Landhausplatz 1, Haus 13, 3109 St. Pölten",48.2030858,15.63227965
83,"http://basemap.at/","Austrian Ogd Basemap","Österreich","Basemap.at ist eine internetfähige Grundkarte von Österreich, basierend auf den Geodaten der Länder und deren Partnern, frei verfügbar und performant.","Österreich","national","ja","ja","","Stadt Wien",48.2123678,16.4332434
84,"https://www.geologie.ac.at/","Geologische Bundesanstalt","Österreich","Die Geologische Bundesanstalt (GBA) ist das größte geowissenschaftliche Forschungszentrum Österreichs. Es werden INSPIRE-Konforme Such-, Darstellungs- und Downloaddienste sowie Webapplikationen uns Services bereitgestellt.","Österreich","national","ja","ja","","Neulinggasse 38, 1030 Wien",48.200406,16.3853646
85,"http://inspire.gv.at/","INSPIRE Austria","Österreich","Website von INSPIRE Österreich mit Geoportalen und Informationen zur landesweiten Geodateninfrastruktur","Österreich","national","nein","ja","ja","Hintere Zollamtsstraße 4, A-1030 Wien",48.20876485,16.3859661480486
86,"http://zamg.ac.at/","Zentralanstalt für Meteorologie und Geodynamik","Österreich","Wetter, Klima, Umwelt, Geophysik, Forschung und Produkte der Zentralanstalt für Meteorologie und Geodynamik","Österreich","national","ja","ja","","Hohe Warte 38, A-1190 Wien",48.2485021,16.3556787
87,"http://data.gv.at/","http://data.gv.at/ - Offene Daten Österreichs","Österreich","Als zentraler “Österreich”-Katalog soll diese Website die Metadaten der dezentralen Metadatenkataloge der Verwaltung aufnehmen und abrufbar halten. Es handelt sich insbesondere um Open Government-Informationen (OGD) und Informationen des öffentlichen Sektors (IWG)","Österreich","national","ja","","","Bundeskanzleramt, Ballhausplatz 2, A-1010 Wien",48.2083986,16.3637884
88,"http://umweltbundesamt.at/opendata/","Umweltbundesamt: OpenData Portal","Österreich","Offene Umweltdaten des Umweltbundesamtes Österreich","Österreich","national","ja","","","Spittelauer Lände 5, A-1090 Wien",48.22719855,16.3636329752567
89,"http://data.reeep.org/","Linked Clean Energy Data - Data.reegle.info","Österreich","Offene daten der internationalen organisation REEP (Renewable Energy and Energy Efficiency Partnership) u.a. zum Thema „clean energy (English)“ als Linked Open Data","Österreich","international","nein","","","Wagramerstrasse 5, A-1400 Wien",48.23482845,16.416841737611
90,"http://statistik.at/","Statistik Austria","Österreich","Statistiken der Bundesanstalt Statistik Österreich","Österreich","national","nein","","","A-Guglgasse 13, 1110 Wien ",48.1857192,16.4221587
91,"http://data.tirol.gv.at/","Tirol Data Portal","Österreich","Open Government Data des Landes Tirol, Österreich","Tirol","regional","ja","",""," Eduard-Wallnöfer-Platz 3, 6020 Innsbruck ",47.26432415,11.3961588301775
92,"http://data.vorarlberg.gv.at/","Vorarlberg Open Data","Österreich","Open Government Data des Landes Voralberg","Voralberg","regional","ja","","","Römerstraße 15, A-6901 Bregenz",47.5008317,9.74510994591155
93,"http://data.wien.gv.at/","Open Government Data Wien","Österreich","Datenauftritt der Bundeshauptstadt (und zugleich Bundesland) Wien","Wien","regional","ja","","","Ballhausplatz 2, A-1010 Wien",48.2083986,16.3637884
94,"http://ge.ch/sitg/sitg_catalog/sitg_donnees","Sitg Geneva's Territorial Information System","Schweiz","Geoinformationen des Kanton und der Republik Genf (Französisch-Sprachig)","Genf","regional","nein","ja","","Rue des Gazomètres 7, CH-1211 Genève 8",46.2017332,6.1334897
95,"http://data.tpg.ch/","Open Data TPG","Schweiz","Offene Daten der Transports Publics Genevois (TPG), eines öffentlichen Verkehrsunternehmen des Kantons Genf (Französisch-Sprachig)","Genf","regional","nein","","","route de la Chapelle 1, CH-1212 Grand-Lancy 2",46.1673104,6.140133
96,"http://opendata.cern.ch/","Cern Open Data","Schweiz","Offene Daten der Europäischen Organisation für Kernforschung (CERN) in englischer Sprache","Schweiz","international","nein","","","CH-1211 Geneva 23",46.2017559,6.1466014
97,"http://meteoswiss.ch/","Bundesamt für Meteologie und Klimatologie Meteoschweiz","Schweiz","Klima- und Wetterdaten, Prognosen und Kartenvisualisierungen des Bundesamt für Meteologie und Klimatologie, Schweiz","Schweiz","national","ja","","","CH-8058 Zürich-Flughafen",47.4502948,8.5622313
98,"http://www.bfs.admin.ch/","Bundesamt für Statistik","Schweiz","Amtliche Statistiken der Schweiz","Schweiz","national","ja","","","Espace de l'Europe 10, CH-2010 Neuchâtel",46.99853575,6.94218174861091
99,"https://opendata.swiss","opendata.swiss","Schweiz","opendata.swiss ist das Portal für Schweizer Open Government Data (OGD). Hier können Sie Schweizer Behördendaten kostenlos herunterladen.","Schweiz","national","ja","","","Archivstrasse 24, 3003 Bern",46.94037855,7.4465666081607
100,"https://data.stadt-zuerich.ch/","Zürich Open Data","Schweiz","Datenkatalog mit über 300 Datensätzen der Stadt Zürich, geordnet nach 19 Kategorien (Stand: 9.1.2018)","Zürich","kommunal","ja","","","Stadthausquai 17, CH-8001 Zürich",47.3692542,8.5413776
101,"https://www.bmlfuw.gv.at/service/geo-informationen.html","GIS-Anwendungen des BMLFUW","Österreich","Geoinformationsdaten im Rahmen der GIS-Anwendungen des österreichischen Bundesministeriums für Land- und Forstwirtschaft, Umwelt und Wasserwirtschaft (BMLFUW)","Österreich","national","ja","ja","","Stubenring 1, 1010 Wien",48.20980085,16.3836676498245
102,"http://www.austrianmap.at","AMAP Austria – BEV – Bundesamt für Eich- und Vermessungswesen","Österreich","Austrian Map online ist ein Service des Bundesamtes für Eich- und Vermessungswesens Österreich. Das WebGIS enthält Webkarten, die Geographischen Namensdatenbank GEONAM  und eine @map-Funktion zur Platzierung von Symbolen in der Karte u.a.","Österreich","national","ja","ja","ja","Schiffamtsgasse 1-3, 1020 Wien ",48.218675,16.3730461
103,"http://www.geoland.at/","geoland.at – Geodatenportal der österreichischen Länder","Österreich","GEOLAND.AT - Das Geodatenportal der österreichischen Länder ist Teil nationaler und internationalen Geodateninfrastrukturen (GDI), die die Nutzung von öffentlichen Geodaten für Verwaltung, Wirtschaft, Forschung, Bildung und Bürger wesentlich erleichtern sollen.","Österreich","national","ja","ja","ja","",47.516231,14.550072
104,"http://www.doris.at/","DORIS interMAP – Startseite","Österreich","DORIS ist das Digitale Oberösterreichische RaumInformationssystem - das Geographische Informationssystem des Landes Oberösterreich.","Oberösterreich","regional","ja","ja","ja","Bahnhofplatz 1, 4021 Linz",48.2925794,14.2920399
105,"http://www.noe.gv.at/Land-Zukunft/Karten-Geoinformation.html","Karten & Geoinformationen - Land Niederösterreich","Österreich","Portal zur Geodateninfrastruktur des Landes Niederösterreich mit Zugang zum NÖ Atlas und einen Downloadbereich mit frei verwendbaren Geodaten (mit Quellenangabe) (Stand: 7.11.2017)","Niederösterreich","regional","ja","ja","ja","Landhausplatz 1, 3109 St. Pölten",48.201189,15.6335582626124
106,"http://www.salzburg.gv.at/sagis/","SAGIS - Salzburger Geographisches Informationssystem","Österreich","WebGIS, Geodaten und Dienste des Landes Salzburg, Österreich","Salzburg","regional","ja","ja","ja","Chiemseehof, 5010 Salzburg",47.7978139,13.0501183
107,"http://service.salzburg.gv.at/ogd/client/","Open Government Data Salzburg","Österreich","Offene Datensätze des Landes Salzburg","Salzburg","regional","ja","ja","","Chiemseehof, 5010 Salzburg",47.7978139,13.0501183
108,"http://www.wien.gv.at/viennagis/","ViennaGIS - das Geografische Informationssystem der Stadt Wien","Österreich","Das Geografische Informationssystem (GIS) der Stadt Wien stellt eine umfassende und nachhaltige Geodaten- und Geodinste-Infrastruktur bereit (Stand: 8.11.2017)","Wien","regional","ja","ja","ja","Stadt Wien",48.2123678,16.4332434
109,"http://gis.bgld.gv.at/","GeoDaten Burgenland - Willkommen","Österreich","Geodaten und -Dienste des Burgenlandes in Östereich, u.a. mit Downloads, WMS Diensten und WebGIS-Inhalten wie eine Katastralmappe, Topografische Landkarte und ein Flächenwidmungsplan (Stand: 8.11.2017)","Burgenland","regional","ja","ja","ja","Europaplatz 1, A-7000 Eisenstadt ",47.84905785,16.5285640256111
110,"http://www.vorarlberg.at/lvg","Land Vorarlberg - Landesvermessungsamt","Österreich","Geodaten und -Dienste des Landes Voralberg, Östereich, u.a. mit Downloads, WMS Diensten, dem Voralberg Atlas und dem Voralberg Atlas Mobil (Stand: 8.11.2017)","Voralberg","regional","ja","ja","ja","Römerstraße 15, 6901 Bregenz",47.5008317,9.74510994591155
111,"http://www.tirol.gv.at/tiris","tiris - Tiroler Rauminformationssystem | Land Tirol","Österreich","“tiris ist das geografische Informationssystem des Landes Tirol. In den Verwaltungsbereichen werden Geodaten über raumbezogene Sachverhalte im tiris Datenpool systematisch gespeichert. Daraus entstehen Geoinformationen wie tirisMaps und Geodatendienste für die amtliche und öffentliche Nutzung im Internet.” (Quelle: tiris, abgerufen am 7.11.2017)","Tirol","regional","ja","ja","ja","Eduard-Wallnöfer-Platz 3, 6020 Innsbruck",47.26432415,11.3961588301775
112,"http://www.kagis.ktn.gv.at/","GDI Kärnten – KAGIS","Österreich","Portal zur Geodateninfrastruktur der Landesregierung Kärnten","Kärnten","regional","ja","ja","ja","Flatschacher Straße 70, 9021 Klagenfurt am Wörthersee",46.6123146,14.3176085781973
113,"http://www.gis.steiermark.at/","GIS-Steiermark - Geographisches Informationssystem -  Land Steiermark","Österreich","Das GIS-Steiermark versteht sich als öffentliche Serviceeinrichtung und stellt raumbezogene Daten und daraus generierte Mehrwertprodukte als Planungsgrundlagen der Landesverwaltung und Externen zur Verfügung. (Stand: 8.11.2017)","Steiermark","regional","ja","ja","ja","Hofgasse 16, 8010 Graz  ",47.0722916,15.4413598
114,"https://www.geo.admin.ch/","https://www.geo.admin.ch/ - das Geoportal des Bundes (Schweiz)","Schweiz","Bundes-Geoportal der Schweiz mit Geodaten, Diensten und einer Liste von thematischen Geoportalen","Schweiz","national","ja","ja","ja","Seftigenstrasse 264, CH-3084 Wabern",46.9279812,7.45134
115,"https://mlr.baden-wuerttemberg.de/de/unsere-themen/geodaten/open-data/","Open Data: Ministerium für Ländlichen Raum und Verbraucherschutz Baden-Württemberg","Deutschland","Barrierefrei gestalteter Internetauftritt des Ministerium für Ländlichen Raum und Verbraucherschutz Baden-Württemberg mit offenen Geobasisinformationen","Baden-Württemberg","regional","ja","ja","","Kernerplatz 10, 70182 Stuttgart",48.7834592,9.189561
116,"https://geo.sv.rostock.de/","Geoportal.HRO","Deutschland","“Die vorliegende Website richtet sich an Geodaten-Spezialisten, denen das Kataster-, Vermessungs- und Liegenschaftsamt mittels Anleitungen und Links den Zugang zur Geodateninfrastruktur der Hansestadt Rostock (GDI-HRO) erschließen möchte. “ (Quelle: Hansestadt Rostock, aberufen am 7.11.2017)","Rostock","kommunal","ja","ja","ja","Hinter dem Rathaus 5, 18055 Rostock",54.088289,12.1419682
117,"https://opendata.vag.de","Open Data VAG Nürnberg","Deutschland","Portal der VAG Verkehrs-Aktiengesellschaft Nürnberg mit offenen Daten des ÖPNV","Nürnberg","kommunal","nein","ja","","Südliche Fürther Straße 5, 90429 Nürnberg",49.4488863,11.0609406
118,"https://www.vgn.de/web-entwickler/open-data/","Open Data: VGN-Soll-Fahrpläne im GTFS-Format ","Deutschland","Soll-Fahrpläne des Ver­kehrs­ver­bund Groß­raum Nürn­berg GmbH","Nürnberg","kommunal","nein","","","Rothenburger Straße 9, 90443 Nürn­berg",49.4476545,11.0631796
119,"http://geoportal.metropolre
gion.hamburg.de/","Metropolregion Hamburg
GDI.MRH","Deutschland","Kooperation von Schleswig-Holstein, Hamburg, Niedersachsen und Mecklenburg-Vorpommern
sowie den Kreisen, Landkreisen und kreisfreien Städten in dem Geoportal der Metropolregion Hamburg","Metropolregion Hamburg","regional","ja","ja","ja","Alter Steinweg 4, 20459 Hamburg",53.55077035,9.98436769359307
120," http://www.kreis-lup.de/leben-im-landkreis/bauen-wohnen/vermessung-geoinformation/Geoportal/","Geoportal Landkreis Ludwigslust-Parchim","Deutschland","Geoportal des Landkreises Ludwigslust-Parchim mit den den kreisangehörigen Gemeinden in Kooperation mit dem Amt für Geoinformation, Vermessungs- und Katasterwesen MV
Altes Portal: https://geoportal.kreis-lup.de (Stand: 9.1.2018)","Landkreis Ludwigslust-Parchim","kommunal","ja","ja","ja","Putlitzer Straße 25, 19370 Parchim",53.42000445,11.8428798059855
121,"http://www.geonetzwerk-muensterland.de/","Geonetzwerk Münsterland","Deutschland","Zusammenschluss von Institutionen und Unternehmen aus dem Münsterland zu einem Geonetzwerk","Münsterland","regional","nein","ja","ja","Mendelstrasse 11, 48149 Münster",51.9697767,7.5931984
122,"http://www.geoportal-muensterland.de","Geoportal Münsterland","Deutschland","Kostenfrei und frei zugängliche Karten des Münsterlandes zu verschiedenen Themen. Dienste der Kooperationspartner Kreis Borken, Kreis Coesfeld, Stadt Münster, Kreis Steinfurt und Kreis Warendorf sowie dem Land NRW u.a. werden eingebunden","Münsterland","regional","ja","ja","ja","Waldenburger Str. 2, D-48231 Warendorf",51.94154275,7.98549678835246
123,"http://geo.kreislippe.de","Geoportal des Kreises Lippe","Deutschland","Das Geoportal des Kreises Lippe stellt u.a. den Lebenslagegenatlas bereit, welcher Informationen zu Anliegen in verschiedenen Lebenslagen mit Geoinformationen kombiniert. Das Portal ist Bestandteil der Regionalinitiative GDI-OWL","Kreis Lippe","kommunal","ja","ja","ja","Felix-Fechenbach-Straße 5, 32756 Detmold",51.9370885,8.84849760952907
124,"http://www.gdi-sw.de","GDI-Südwestfalen","Deutschland","Zentrale Zugang zu den Geoportalen im Bereich Südwestfalen","Südwestfalen","regional","ja","ja","ja","Sonnenblumenallee 3, 58675 Hemer",51.38557225,7.7809479981467
125,"http://www.geoportal-niederrhein.de","Geoportal Niederrhein","Deutschland","Zusammmenschluss der Kreise Kleve, Viersen und Wesel sowie der kreisfreien Stadt Krefeld und dem Kommunalen Rechenzentrum Niederrhein KRZN zu einem Geoportal","Niederrhein","regional","ja","ja","ja","Friedrich-Heinrich-Allee 130, 47475 Kamp-Lintfort",51.4872069,6.5467271
126,"https://gdi-suedhessen.de/","GDI-Südhessen","Deutschland","Initiative der Metropolregion Frankfurt/Rhein-
Main, der Stadt Offenbach, dem Land Hessen und  weiteren Kreisen","Südhessen","regional","ja","ja","ja","Odenwaldstraße 6, 64646 Heppenheim",49.6405588,8.615646
127,"http://www.oberhavel.de/Landkreis/Geoportal","Geoportal Landkreis Oberhavel","Deutschland","Kommunales Geoportal","Landkreis Oberhavel","kommunal","ja","ja","ja","Adolf-Dechert-Straße 1, 16515 Oranienburg",52.7516825,13.2387409
128,"http://geoportal.teltow-flaeming.de","Geoportal Landkreis Teltow-Fläming","Deutschland","Kommunales Geoportal","Landkreis Teltow-Fläming","kommunal","ja","ja","ja","Am Nuthefließ 2, 14943 Luckenwalde ",52.0842936,13.169404856353
129,"http://www.lkee.de/Service-Verwaltung/Geoportal","Geoportal Landkreis Elbe-Elster","Deutschland","Geoportal und GDI-Infrastrukturknoten des Lankreises Elbe-Elster mit Bauleitplanung (XPlanung) inklusive Flächennutzungspläne, Bebauungspläne, Landschaftspläne und kommunale Satzungen","Landkreis Elbe-Elster","kommunal","ja","ja","ja","Ludwig-Jahn-Straße 2, 04916 Herzberg (Elster) ",51.6934609,13.2375496
130,"http://geoportal.lkspn.de/","Geoportal Lankreis Spree-Neiße","Deutschland","Kommunales Geoportal mit WMS und WFS Diensten sowie Kartenanwendungen zu den Themen Planen & Bauen, Umwelt & Natur, sowie Toursimus (Stand 27.11.2017)","Landkreis Spree-Neiße","kommunal","ja","ja","ja","Heinrich-Heine-Straße 1, 03149 Forst (Lausitz)",51.7496843,14.6524217743578
131,"https://www.geoportal-raumordnung-bw.de/","Geoportal Raumordnung Baden-Württemberg","Deutschland","„Das [Geoportal] ermöglicht einen zentralen Zugang zu den Geodaten im Bereich der Landesplanung, Regionalplanung und kommunalen Bauleitplanung im Land. Es ist eine öffentliche Plattform mit Informationen in Text und Karten über die Aufgaben und Instrumente der Planungsebenen und deren inhaltlich-räumliche Ausformung in den Planwerken.“ (Quelle: Geoportal Raumordnung Baden-Württemberg, abgerufen am 27.11.2017)","Baden-Württemberg","regional","ja","ja","ja","Baumeisterstraße 2, 76137 Karlsruhe",49.0036089,8.40402144894245
132,"http://maps.thermspe4ee.de","ThermSpe4EE-Geoportal ","Deutschland","Forschungsergebnisse des Projektes „ThermSpe4EE“ (Thermische Speicher für Erneuerbare Energien) zum möglichen thermischen Gesamtspeichervolumen der Metropolregion Rhein-Neckar, erneuerbare Energien und Statistiken zu Strom und Wärme. Beteiligt waren die geomer GmbH, die PFALZWERKE AKTIENGESELLSCHAFT, die ait-Deutschland GmbH und die TU Kaiserslautern","Metropolregion Rhein-Neckar","regional","nein","ja","ja","Breitspiel 11b, D-69126 Heidelberg",49.3601235,8.6870547
133,"https://www.regionalverband-heilbronn-franken.de/","Regionalverband Heilbronn-Franken","Deutschland","Die Website umfasst Regionalpläne und das Raumbeobachtungssystem Heilbronn-Franken mit Informationen aus dem Stadtkreis Heilbronn sowie den Landkreisen Heilbronn, Hohenlohekreis, Schwäbisch Hall, Main-Tauber-Kreis","Region Heilbronn-Franken","regional","ja","ja","ja","Frankfurter Straße 8, 74072 Heilbronn",49.1416848,9.21341783992262
134,"http://www.ostwuerttemberg.org/","Regionalverband Ostwürttemberg","Deutschland","Portal des Regionalverbandes mit Links zu relevanten Statistik- und Geoportalen sowie dem Regionalplan","Region Ostwürtemberg","regional","ja","ja","ja","Bahnhofplatz 5, 73525 Schwäbisch Gmünd",48.8005105,9.788749
135,"https://www.region-stuttgart.org/information-und-download/geoinformationen/","RegioRISS - Regionales Rauminformationssystem Stuttgart","Deutschland","„Aufgabe des [...] RegioRISS ist es, Verknüpfungen in Form von kartografischen Darstellungen, Satelliten- und Luftbildern zu visualisieren. Verbunden mit dem Ziel, Gemeinsamkeiten, Verflechtungen, Relationen, aber auch räumliche Konfliktpotenziale deutlich und anschaulich zu machen.“ (Quelle: Verband Region Stuttgart, abgerufen am 27.11.2017)","Region Stuttgart","regional","ja","ja","ja","Kronenstraße 25, 70174 Stuttgart",48.78335,9.1761212
136,"http://www.georhena.eu/","GeoRhena","Deutschland, Frankreich, Schweiz","Grenzüberschreitendes Projekt zwischen Deutschland, Frankreich und der Schweiz zur geografischen Erfassung der Oberrhein-Region. Nachfolgeprojekt von GISOR","Region Oberrhein","regional","ja","ja","ja","Avenue d'Alsace 100, 68006 COLMAR",48.0780696,7.3653358
137,"http://regionalverband-sbh.de","Regionalverband Schwarzwald-Baar-Heuberg","Deutschland","Kooperation des Schwarzwald-Baar-Kreises, der Kreise Rottweil und
Tuttlingen im Bereich Regionalplanung und -entwicklung.","Region Schwarzwald / Baar / Heuberg","regional","ja","","ja","Johannesstr. 27, 78056 Villingen-Schwenningen",48.0673903,8.53920855201456
138,"http://dachplus.org/","DACH+ Raumbeobachtung und Raumentwicklung","Deutschland, Österreich, Schweiz, Liechtenstein","Grenzüberschreitende GDI zwischen
Deutschland, Österreich, der Schweiz und
Liechtenstein mit Bezug auf Raumordnung und Raumentwicklung","Grenzraum Deutschland, Österreich, Schweiz und Liechtenstein","regional","ja","ja","ja","Im Wallgraben 50, 79761 Waldshut-Tiengen",47.623375,8.2098539
139,"http://www.rvdi.de/","Regionalverband Donau-Iller ","Deutschland","Die Website bietet neben dem Regionalplan, Karten zum Download als pdf an und verweist auf die Geoportale Badenwürtenberg und Bayern","Region Donau-Iller","regional","ja","ja","ja","Schwambergerstr. 35, 89073 Ulm",48.4027079,10.000771
140,"https://www.landkreis-cham.de/service-beratung/geoinformationen/","Interkommunale Geoinformationssystem des Landkreises Cham (IkGIS-Cham) ","Deutschland","Kommunale Geodateninfrastruktur für Verwaltung, Bürger und Wirtschaft des Landkreises Cham","Landkreis Cham","kommunal","ja","ja","ja","
Rachelstraße 6, 93413 Cham
",49.2253342,12.6716979027729
141,"https://data-lra-cha.opendata.arcgis.com/","OpenData – Lankreis Cham","Deutschland","Frei zugängliche Daten des Lankreises Cham in Maschinenlesbarer Form, hauptsächlich aus der datenBank des Geoinformationssystems IkGIS-Cham","Landkreis Cham","kommunal","ja","ja","","Rachelstraße 6, 93413 Cham",49.2253342,12.6716979027729
142,"https://geoportal.erfurt.de","Geoportal der Landeshauptstadt Erfurt","Deutschland","Aktuelle, stadtbezogene, geografische Basis- und Fachdaten von Erfurt. Themen sind u.a. Tourismus, Informationen für Migranten und Flüchtlinge, Parken, Baustellen, Solarkataster und Wirtschaft","Erfurt","kommunal","ja","ja","ja","Fischmarkt 1, 99084 Erfurt",50.9778922,11.0292569
143,"http://cardomap.idu.de/lrabz/","Geoportal des Landkreises Bautzen","Deutschland","Kartenmaterial des Landkreises Bautzen zur Ansicht im WebGIS","Landkreis Bautzen","kommunal","ja","ja","ja","Bahnhofstraße 9, 02625 Bautzen",51.1755404,14.4298995274906
144,"http://www.kreis-soest.de/gis/start/opendata/opendata.php","Open Data – Kreis Soest","Deutschland","Geodatendienste und -Dateidownloads (inbes. Zum Thema Windkraft) des Kreises Soest. Für die Verwendung der Kartendienste sind die Nutzungsbedinugen und -beschränkungen des Geoportals zu beachten","Landkreis Soest","kommunal","ja","ja","","Hoher Weg 1-3, 59494 Soest",51.57252465,8.11464907650804
145,"http://www.kreis-soest.de/gis/start/","Geoportal des Kreises Soest","Deutschland","Öffentliches Geoinformationssystem des Kreises Soest auf Grundlage des amtlichen Liegenschaftskatasters, topografischen und thematischen Karten","Lankreis Soest","kommunal","ja","ja","ja","Hoher Weg 1-3, 59494 Soest",51.57252465,8.11464907650804
146,"http://www.soest.de/03leben_wohnen/planen_bauen_umwelt/Plaene_Karten_und_Luftbilder__Geodatenportal_Stadt_Soest_/981startseite.php","Geoportal der Stadt Soest","Deutschland","Karten, Pläne, Luftbilder der Stadt Soest, inkl. eines 3D-Stadtmodelles der Altstadt","Soest","kommunal","ja","ja","ja","Am Vreithof 8, 59494 Soest ",51.57215545,8.10813705401069
147,"https://www.viersen.de/de/inhalt/geoportal-der-stadt-viersen/","Geoportal der Stadt Viersen","Deutschland","Das Geoportal steht Auskunftssystem für alle interessierten Bürgerinnen und Bürger zur Verfügung","Viersen","kommunal","ja","ja","ja","Bahnhofstr. 23-29, 41747 Viersen",51.2565904,6.3981532
149,"http://www.metropoleruhr.de/regionalverband-ruhr/karten-geodaten.html","Regionalverband Ruhr – Karten und Geodaten","Deutschland","Umfangreiches Angebot an Geodatenbeständen, Kartendiesnten und Geoportalen des Regionalverbandes Ruhr","Ruhrgebiet","regional","ja","ja","ja","Kronprinzenstraße 35, 45128 Essen",51.447142,7.02088547099879
150,"http://www.geonline-gis.de/portale/weinstadt.htm","BürgerGIS Weinstadt","Deutschland","Geoportal von Weinstadt mit Bebauungsplänen, öffentlichen Einrichtungen, demographischen Daten, Umweltdaten, Wasserhärtegraden und vielen interaktiven Möglichkeiten.","Weinstadt","kommunal","ja","ja","ja","Marktplatz 1, 71384 Weinstadt",48.8049371,9.38685756147249
151,"http://www.gisserver.de/aalen/","Geodatenportal der Stadt Aalen","Deutschland","Zugang zur seit 1994 gepflegten Geodateninfrastruktur der Stadt Aalen mit Visualisierungen von Geobasisdaten, einem 3D-Stadtmodell, Statistiken, Flächennutzung, Windkraft, Urkarte 1830, Höhenmodell und mehr (erfordert Flash-Plugin, Stand 28.10.2017)","Aalen","kommunal","ja","ja","ja","Marktplatz 30, 73430 Aalen",48.8360831,10.0933880805286
152,"http://www.giscity.de/schwaebischhall/","Geodatenportal der Stadt Schwäbisch Hall","Deutschland","Geoportal mit Stadtplan, Liegenschaftskarte, Bodenrichtwerten, Gemarkungen, Grundschulbezirken, Statistiken, Umwelt und Natur und Geschichte (erfordert Flash-Plugin). Die zugehörige Schwäbisch Hall App wurde mit dem GIS Best Practice Award 2015 ausgezeichnet (Stand 28.10.2017).","Schwäbisch Hall","kommunal","ja","ja","ja","Am Markt 6, 74523 Schwäbisch Hall ",49.1123753,9.73679439460486
153,"https://karten.heilbronn.de/heilbronn/","Amtlicher Stadtplan Heibronn","Deutschland","Interaktiver Stadtplan von Heilbronn mit öffentlichen Einrichtungen, die sich je nach Kategorie aus er Web-Karte ein-und ausblenden lassen","Heilbronn","kommunal","ja","ja","ja","Marktplatz 7, 74072 Heilbronn ",49.1427877,9.21838998589176
154,"https://geoportal.heilbronn.de/","Geodatenportal der Stadt Heilbronn","Deutschland","Online-Visualisierungen der Stadtkarte, Bebauungspläne, Umweltdaten, Luftbilder, Grünflächen, Schutgebiete, kleinräumige Gliederung und Topographie (erfordert Flash-Plugin, Stand 28.10.2017)","Heilbronn","kommunal","ja","ja","ja","Marktplatz 7, 74072 Heilbronn ",49.1427877,9.21838998589176
154,"https://geoportal.hohenlohekreis.de","HOKis-Geoportal","Deutschland","Hohenlohekreis-informationssystem (HOKis) bietet u.a. Geoinformationen und Services zu den folgenden Themen an: Bebauungsplan und Flächennutzung, Flurstück und Umwelt, Rettungskarte Forst, Luftbilder, Schulstandorte, Pflegeeinrichtungen, Abfallwirtschaft, Kleindenkmale, Kocher- und Jagstverordnung, Potenzialatlas Erneuerbare Energien, Radroutenplaner (Stand 28.10.2017)","Hohenlohe Kreis","kommunal","ja","ja","ja","Allee 17, 74653 Künzelsau",49.272834676272,9.69182610984559
155,"http://offenesdresden.de/","OffenesDresden.de","Deutschland","Inoffizielle Übersicht über OpenData-Projekte in und um Dresden, geführt von Open Data Aktivisten der Stadt.","Dresden","kommunal","nein","","","Dresden",51.0493286,13.7381437
156,"https://www.landkreis-emmendingen.de/index.php?id=199","Interaktive Kreiskarte Landkreis Emmedingen","Deutschland","Interaktive Karte von raumbezogenen, verwaltungsspezifischen Geodaten des Landkreises Emmendingen","Landkreis Emmedingen","kommunal","ja","ja","ja","Bahnhofstraße 2-4, D-79312 Emmendingen",48.1199471,7.8486905
157,"http://www.gisserver.de/schwaebisch-gmuend/","Geodatenportal der Stadt Schwäbisch Gmüd","Deutschland","Online-Visualisierungen u.a. der Stadtkarte, Bebauungspläne, Landschaftsplan, Katasterkarte, Bodenrichtwerte, Baulücken, Solarkataster, historische Karten, Umweltdaten, Luftbilder, Topographie (erfordert Flash-Plugin, Stand 28.10.2017)","Schwäbisch Gmüd","kommunal","ja","ja","ja","Marktplatz 37, 73525 Schwäbisch Gmünd",48.8014071,9.79678677673957
158,"https://www.loerrach-landkreis.de","Bürger-Geoportal des Landreis Lörrach","Deutschland","Intaraktive Web-Karten zu den Themen Abfallwirtschaft, Behörden/Gemeinden, Bewegungsatlas, Bebauungspläne/Kehrbezirke
Bildungseinrichtungen, Energie/Geothermie, Flurstückssuche, Kleindenkmale, Fahrradwegweisungsnetz, Tourismus/ÖPNV, Umwelt & bergbaubedingte Belastungen (erfordert Flash-Plugin, Stand 28.10.2017)","Landreis Lörrach","kommunal","ja","ja","ja","Palmstraße 3,79539 Lörrach",47.6140884,7.6624046
159,"http://www.energieatlas-bw.de/","Energieatlas Baden-Württemberg","Deutschland","Gemeinsames Internet-Portal des Umweltministeriums und der LUBW für Daten und Karten zum Thema erneuerbare Energien","Baden-Württemberg","regional","ja","ja","ja","Griesbachstraße 1, 76185 Karlsruhe ",49.00060645,8.3675388717144
160,"http://isong.lgrb-bw.de/","Informationssystem Oberflächennahe Geothermie für Baden-Württemberg (ISONG)","Deutschland","Informationen zur Planung von Erdwärmesonden bis max. 400 m Tiefe ","Baden-Württemberg","regional","ja","ja","ja","Albertstr. 5, D-79104 Freiburg",48.00071195,7.85241835
161,"https://www.radolfzell.de/b%C3%BCrgerportal","Bürgerportal der Stadt Radolfzell am Bodensee","Deutschland","Kommunales Geoportal von Radolfzell mit Bebauungsplänen, Karten zu Verkehr, öffentlichen Einrichtungen u.a. (erfordert Flash-Plugin, Stand 28.10.2017)","Radolfzell","kommunal","ja","ja","ja","Marktplatz 2, 78315 Radolfzell am Bodensee",47.73736225,8.96894371108949
162,"http://www.ioer-monitor.de/startseite/","IÖR-Monitor","Deutschland","Der Monitor der Siedlungs- und Freiraumentwicklung (IÖR-Monitor) stellt Informationen zur Flächennutzungsstruktur und deren Entwicklung sowie zur Landschaftsqualität für die Bundesrepublik Deutschland bereit. (Stand: 29.11.2017)","Dresden","national","teilweise","ja","ja","51.0504 N, 13.7373 E ",51.0504,13.7373
163,"https://geoport-lk-mse.de/geoportal/index.php","GeoPortal Landkreis Mecklenburgische Seenplatte","Deutschland","Geoportal des Landkreises mit Bürger-Portal für jeden und WebGIS-Karten über kvwmap für Berechtigte (Stand: 8.1.2018)","Landkreis Mecklenburgische Seenplatte","kommunal","ja","ja","ja","Zum Amtsbrink 2,  17192 Waren (Müritz)",53.5183012,12.680729
164,"https://open-data.europa.eu/de/about","Europäisches Datenportal","Europa","“Das Europäische Datenportal greift Metadaten von Informationen des öffentlichen Sektors ab, die auf öffentlichen Datenportalen in europäischen Ländern zur Verfügung stehen. Dazu gehören auch Informationen zur Bereitstellung von Daten und den Vorteilen ihrer Weiterverwendung.” (Quelle: Europäische Union, abgerufen am 21.12.2017)","Europa","international","ja","ja","","",48.5948367,7.7719195
165,"http://geoportal-vg.de/geoportal/","Geoportal Landkreis Vorpommern-Greifswald","Deutschland","Geoportal des Landkreises mit Web-Atlas für jeden, WebGIS-Karten über kvwmap für Berechtigte und GeoShop (Stand: 8.1.2018)","Landkreis Vorpommern-Greifswald","kommunal","ja","ja","ja","Feldstraße 85a, 17489 Greifswald",54.0862615,13.3890346
166,"http://geoportal-vg.de/geoportal/","Geoportal Landkreis Vorpommern-Rügen","Deutschland","Geoportal des Landkreises Vorpommern-Rügen mit Bürger-Portal für jeden und Kartenteil von GeoPORT.VR für registierte Berechtigte sowie freie Geodienste und Shop (Stand: 8.1.2018)","Landkreis Vorpommern-Rügen","kommunal","ja","ja","ja","Tribseer Damm 1a, 18437 Stralsund",54.3093338,13.0792216
167,"https://www.landkreis-rostock.de/landkreis/kreisverwaltung/katasteramt/kartenthemen/index.html","Geoportal Landkreis Rostock","Deutschland","Webkarten-Viewer zu unterschiedlichen Themen des öffentlichen Raumes (Verkehr/Infrastruktur, Naturdenkmale, Gesundheit, Geflügelpest u.a.) im Landkreis Rostock (Stand: 8.1.2018)","Landkreis Rostock","kommunal","ja","ja","ja","August-Bebel-Str. 3, 18209 Bad Doberan",54.10598155,11.9039450089883
168,"http://hub.arcgis.com/","ArcGIS Hub","Deutschland","Bidirektionale Plattform für den Austausch zwischen Behörden und Bürgern, betrieben von der Firma ESRI. Die Plattform bietet u.a. Funktionen zum Freigeben von Open Data und zur Suche nach Daten anhand von Stichwörtern, Kategorien, Stadt oder Land (Stand: 8.1.2018)","Deutschland","national","nein","","","Ringstrasse 7, 85402 Kranzberg",48.4062363,11.6090811
